{
    "title": "Business Card",
    "thumbnail": "preview11.jpg",
    "options": {
        "stageWidth": 600,
        "stageHeight": 335
    },
    "views": [
        {
            "title": "Front",
            "thumbnail": "preview13.jpg",
            "elements": [
                {
                    "title": "background",
                    "source": "background.png",
                    "type": "image",
                    "parameters": {
                        "left": 300,
                        "top": 172,
                        "originX": "center",
                        "originY": "center",
                        "z": -1,
                        "fill": false,
                        "colors": [
                            "#212121"
                        ],
                        "colorLinkGroup": 0,
                        "draggable": 0,
                        "rotatable": 0,
                        "resizable": 0,
                        "removable": 0,
                        "flipX": 0,
                        "flipY": 0,
                        "zChangeable": 0,
                        "scaleX": 1,
                        "scaleY": 1,
                        "uniScalingUnlockable": 0,
                        "angle": 0,
                        "price": 0,
                        "autoCenter": 0,
                        "replaceInAllViews": 0,
                        "autoSelect": 0,
                        "topped": 0,
                        "boundingBoxMode": "inside",
                        "opacity": 1,
                        "excludeFromExport": 0,
                        "locked": 0,
                        "showInColorSelection": 0,
                        "boundingBox": 0,
                        "resizeToW": 0,
                        "resizeToH": 0,
                        "filter": 0,
                        "scaleMode": "fit",
                        "minScaleLimit": 0.01,
                        "advancedEditing": 0,
                        "uploadZone": 0,
                        "uploadZoneMovable": 0,
                        "adminLocked": 0
                    }
                },
                {
                    "title": "grid",
                    "source": "grid.png",
                    "type": "image",
                    "parameters": {
                        "left": 300,
                        "top": 173.5,
                        "originX": "center",
                        "originY": "center",
                        "z": -1,
                        "fill": false,
                        "colors": 0,
                        "colorLinkGroup": 0,
                        "draggable": 0,
                        "rotatable": 0,
                        "resizable": 0,
                        "removable": 0,
                        "flipX": 0,
                        "flipY": 0,
                        "zChangeable": 0,
                        "scaleX": 1,
                        "scaleY": 1,
                        "uniScalingUnlockable": 0,
                        "angle": 0,
                        "price": 0,
                        "autoCenter": 0,
                        "replaceInAllViews": 0,
                        "autoSelect": 0,
                        "topped": 0,
                        "boundingBoxMode": "inside",
                        "opacity": 1,
                        "excludeFromExport": 0,
                        "locked": 0,
                        "showInColorSelection": 0,
                        "boundingBox": 0,
                        "resizeToW": 0,
                        "resizeToH": 0,
                        "filter": 0,
                        "scaleMode": "fit",
                        "minScaleLimit": 0.01,
                        "advancedEditing": 0,
                        "uploadZone": 0,
                        "uploadZoneMovable": 0,
                        "adminLocked": 0
                    }
                },
                {
                    "title": "line",
                    "source": "line.png",
                    "type": "image",
                    "parameters": {
                        "left": 300,
                        "top": 275,
                        "originX": "center",
                        "originY": "center",
                        "z": -1,
                        "fill": false,
                        "colors": 0,
                        "colorLinkGroup": 0,
                        "draggable": 0,
                        "rotatable": 0,
                        "resizable": 0,
                        "removable": 0,
                        "flipX": 0,
                        "flipY": 0,
                        "zChangeable": 0,
                        "scaleX": 1,
                        "scaleY": 1,
                        "uniScalingUnlockable": 0,
                        "angle": 0,
                        "price": 0,
                        "autoCenter": 0,
                        "replaceInAllViews": 0,
                        "autoSelect": 0,
                        "topped": 0,
                        "boundingBoxMode": "inside",
                        "opacity": 1,
                        "excludeFromExport": 0,
                        "locked": 1,
                        "showInColorSelection": 0,
                        "boundingBox": 0,
                        "resizeToW": 0,
                        "resizeToH": 0,
                        "filter": 0,
                        "scaleMode": "fit",
                        "minScaleLimit": 0.01,
                        "advancedEditing": 0,
                        "uploadZone": 0,
                        "uploadZoneMovable": 0,
                        "adminLocked": 0
                    }
                },
                {
                    "title": "footer",
                    "source": "footer.png",
                    "type": "image",
                    "parameters": {
                        "left": 300,
                        "top": 283,
                        "originX": "center",
                        "originY": "center",
                        "z": -1,
                        "fill": false,
                        "colors": [
                            "#fff"
                        ],
                        "colorLinkGroup": 0,
                        "draggable": 0,
                        "rotatable": 0,
                        "resizable": 0,
                        "removable": 0,
                        "flipX": 0,
                        "flipY": 0,
                        "zChangeable": 0,
                        "scaleX": 1,
                        "scaleY": 1,
                        "uniScalingUnlockable": 0,
                        "angle": 0,
                        "price": 0,
                        "autoCenter": 0,
                        "replaceInAllViews": 0,
                        "autoSelect": 0,
                        "topped": 0,
                        "boundingBoxMode": "inside",
                        "opacity": 1,
                        "excludeFromExport": 0,
                        "locked": 1,
                        "showInColorSelection": 0,
                        "boundingBox": 0,
                        "resizeToW": 0,
                        "resizeToH": 0,
                        "filter": 0,
                        "scaleMode": "fit",
                        "minScaleLimit": 0.01,
                        "advancedEditing": 0,
                        "uploadZone": 0,
                        "uploadZoneMovable": 0,
                        "adminLocked": 0
                    }
                },
                {
                    "title": "highlight footer",
                    "source": "highlight-footer.png",
                    "type": "image",
                    "parameters": {
                        "left": 300,
                        "top": 283,
                        "originX": "center",
                        "originY": "center",
                        "z": -1,
                        "fill": false,
                        "colors": 0,
                        "colorLinkGroup": 0,
                        "draggable": 0,
                        "rotatable": 0,
                        "resizable": 0,
                        "removable": 0,
                        "flipX": 0,
                        "flipY": 0,
                        "zChangeable": 0,
                        "scaleX": 1,
                        "scaleY": 1,
                        "uniScalingUnlockable": 0,
                        "angle": 0,
                        "price": 0,
                        "autoCenter": 0,
                        "replaceInAllViews": 0,
                        "autoSelect": 0,
                        "topped": 0,
                        "boundingBoxMode": "inside",
                        "opacity": 1,
                        "excludeFromExport": 0,
                        "locked": 1,
                        "showInColorSelection": 0,
                        "boundingBox": 0,
                        "resizeToW": 0,
                        "resizeToH": 0,
                        "filter": 0,
                        "scaleMode": "fit",
                        "minScaleLimit": 0.01,
                        "advancedEditing": 0,
                        "uploadZone": 0,
                        "uploadZoneMovable": 0,
                        "adminLocked": 0
                    }
                },
                {
                    "title": "Logo",
                    "source": "TYPE YOUR LOGO",
                    "type": "text",
                    "parameters": {
                        "left": 300,
                        "top": 120,
                        "originX": "center",
                        "originY": "center",
                        "z": -1,
                        "fill": "#ffffff",
                        "colors": "#fff",
                        "colorLinkGroup": false,
                        "draggable": false,
                        "rotatable": false,
                        "resizable": false,
                        "removable": false,
                        "flipX": false,
                        "flipY": false,
                        "zChangeable": false,
                        "scaleX": 1,
                        "scaleY": 1,
                        "uniScalingUnlockable": false,
                        "angle": 0,
                        "price": 0,
                        "autoCenter": false,
                        "replaceInAllViews": false,
                        "autoSelect": false,
                        "topped": false,
                        "boundingBoxMode": "inside",
                        "opacity": 1,
                        "excludeFromExport": false,
                        "locked": false,
                        "showInColorSelection": false,
                        "boundingBox": false,
                        "fontFamily": "Wire One",
                        "fontSize": 71,
                        "editable": true,
                        "lineHeight": 1,
                        "textDecoration": "normal",
                        "maxLength": 0,
                        "fontWeight": "normal",
                        "fontStyle": "normal",
                        "textAlign": "left",
                        "curvable": false,
                        "curved": false,
                        "curveSpacing": 10,
                        "curveRadius": 80,
                        "curveReverse": false,
                        "stroke": null,
                        "strokeWidth": 0,
                        "maxLines": 0,
                        "letterSpacing": 0,
                        "chargeAfterEditing": false,
                        "minFontSize": 1,
                        "maxFontSize": 200,
                        "textTransform": "none",
                        "widthFontSize": 0,
                        "textBox": false,
                        "width": 252.76416015625,
                        "shadowBlur": 0,
                        "shadowOffsetX": 0,
                        "shadowOffsetY": 0
                    }
                },
                {
                    "title": "Jane Doe ",
                    "source": "Jane Doe ",
                    "type": "text",
                    "parameters": {
                        "left": 20,
                        "top": 261,
                        "originX": "left",
                        "originY": "center",
                        "z": -1,
                        "fill": "#000000",
                        "colors": [
                            "#000",
                            "#81ecec",
                            "#0984e3",
                            "#e17055",
                            "#636e72"
                        ],
                        "colorLinkGroup": 0,
                        "draggable": 1,
                        "rotatable": 1,
                        "resizable": 1,
                        "removable": 1,
                        "flipX": 0,
                        "flipY": 0,
                        "zChangeable": 1,
                        "scaleX": 1,
                        "scaleY": 1,
                        "uniScalingUnlockable": 0,
                        "angle": 0,
                        "price": 0,
                        "autoCenter": 0,
                        "replaceInAllViews": 0,
                        "autoSelect": 0,
                        "topped": 0,
                        "boundingBoxMode": "inside",
                        "opacity": 1,
                        "excludeFromExport": 0,
                        "locked": 0,
                        "showInColorSelection": 0,
                        "boundingBox": 0,
                        "fontFamily": "Verdana",
                        "fontSize": 18,
                        "editable": 1,
                        "lineHeight": 1,
                        "textDecoration": "normal",
                        "maxLength": 0,
                        "fontWeight": "normal",
                        "fontStyle": "normal",
                        "textAlign": "left",
                        "curvable": 0,
                        "curved": 0,
                        "curveSpacing": 10,
                        "curveRadius": 80,
                        "curveReverse": 0,
                        "stroke": 0,
                        "strokeWidth": 0,
                        "maxLines": 0,
                        "letterSpacing": 0,
                        "chargeAfterEditing": 0,
                        "minFontSize": 1,
                        "maxFontSize": 200,
                        "textTransform": "none",
                        "widthFontSize": 0,
                        "textBox": 0,
                        "width": 89.279296875,
                        "shadowBlur": 0,
                        "shadowOffsetX": 0,
                        "shadowOffsetY": 0,
                        "textNumberPlaceholder": "none",
                        "adminLocked": 0
                    }
                },
                {
                    "title": "Junior Manager",
                    "source": "Junior Manager",
                    "type": "text",
                    "parameters": {
                        "left": 20,
                        "top": 290,
                        "originX": "left",
                        "originY": "center",
                        "z": -1,
                        "fill": "#898989",
                        "colors": [
                            "#898989"
                        ],
                        "colorLinkGroup": 0,
                        "draggable": 1,
                        "rotatable": 1,
                        "resizable": 1,
                        "removable": 1,
                        "flipX": 0,
                        "flipY": 0,
                        "zChangeable": 1,
                        "scaleX": 1,
                        "scaleY": 1,
                        "uniScalingUnlockable": 0,
                        "angle": 0,
                        "price": 0,
                        "autoCenter": 0,
                        "replaceInAllViews": 0,
                        "autoSelect": 0,
                        "topped": 0,
                        "boundingBoxMode": "inside",
                        "opacity": 1,
                        "excludeFromExport": 0,
                        "locked": 0,
                        "showInColorSelection": 0,
                        "boundingBox": 0,
                        "fontFamily": "Verdana",
                        "fontSize": 14,
                        "editable": 1,
                        "lineHeight": 1,
                        "textDecoration": "normal",
                        "maxLength": 0,
                        "fontWeight": "normal",
                        "fontStyle": "normal",
                        "textAlign": "left",
                        "curvable": 0,
                        "curved": 0,
                        "curveSpacing": 10,
                        "curveRadius": 80,
                        "curveReverse": 0,
                        "stroke": 0,
                        "strokeWidth": 0,
                        "maxLines": 0,
                        "letterSpacing": 0,
                        "chargeAfterEditing": 0,
                        "minFontSize": 1,
                        "maxFontSize": 200,
                        "textTransform": "none",
                        "widthFontSize": 0,
                        "textBox": 0,
                        "width": 107.830078125,
                        "shadowBlur": 0,
                        "shadowOffsetX": 0,
                        "shadowOffsetY": 0,
                        "textNumberPlaceholder": "none"
                    }
                },
                {
                    "title": "www.codecanyon.commail@codecanyon.com4387 / 232395442",
                    "source": "www.codecanyon.com\nmail@codecanyon.com\n+00 1234 789",
                    "type": "text",
                    "parameters": {
                        "left": 580,
                        "top": 279,
                        "originX": "right",
                        "originY": "center",
                        "z": -1,
                        "fill": "#898989",
                        "colors": [
                            "#898989"
                        ],
                        "colorLinkGroup": 0,
                        "draggable": 1,
                        "rotatable": 1,
                        "resizable": true,
                        "removable": 1,
                        "flipX": 0,
                        "flipY": 0,
                        "zChangeable": 1,
                        "scaleX": 1,
                        "scaleY": 1,
                        "uniScalingUnlockable": 0,
                        "angle": 0,
                        "price": 0,
                        "autoCenter": 0,
                        "replaceInAllViews": 0,
                        "autoSelect": 0,
                        "topped": 0,
                        "boundingBoxMode": "inside",
                        "opacity": 1,
                        "excludeFromExport": 0,
                        "locked": 0,
                        "showInColorSelection": 0,
                        "boundingBox": 0,
                        "fontFamily": "Verdana",
                        "fontSize": 15,
                        "editable": 1,
                        "lineHeight": 1.4,
                        "textDecoration": "normal",
                        "maxLength": 0,
                        "fontWeight": "normal",
                        "fontStyle": "normal",
                        "textAlign": "right",
                        "curvable": 0,
                        "curved": 0,
                        "curveSpacing": 10,
                        "curveRadius": 80,
                        "curveReverse": 0,
                        "stroke": 0,
                        "strokeWidth": 0,
                        "maxLines": 0,
                        "letterSpacing": 0,
                        "chargeAfterEditing": 0,
                        "minFontSize": 1,
                        "maxFontSize": 200,
                        "textTransform": "none",
                        "widthFontSize": 0,
                        "textBox": 1,
                        "width": 256,
                        "shadowBlur": 0,
                        "shadowOffsetX": 0,
                        "shadowOffsetY": 0
                    }
                }
            ],
            "options": {
                "output_format": "89x51",
                "output_width": "89",
                "output_height": "51",
                "printing_box": {
                    "left": 13,
                    "top": 2,
                    "width": 573,
                    "height": 329
                }
            }
        }
    ]
}